/*M!999999\- enable the sandbox mode */ 
-- MariaDB dump 10.19  Distrib 10.6.22-MariaDB, for debian-linux-gnu (x86_64)
--
-- Host: localhost    Database: pooi
-- ------------------------------------------------------
-- Server version	10.6.22-MariaDB-0ubuntu0.22.04.1

/*!40101 SET @OLD_CHARACTER_SET_CLIENT=@@CHARACTER_SET_CLIENT */;
/*!40101 SET @OLD_CHARACTER_SET_RESULTS=@@CHARACTER_SET_RESULTS */;
/*!40101 SET @OLD_COLLATION_CONNECTION=@@COLLATION_CONNECTION */;
/*!40101 SET NAMES utf8mb4 */;
/*!40103 SET @OLD_TIME_ZONE=@@TIME_ZONE */;
/*!40103 SET TIME_ZONE='+00:00' */;
/*!40014 SET @OLD_UNIQUE_CHECKS=@@UNIQUE_CHECKS, UNIQUE_CHECKS=0 */;
/*!40014 SET @OLD_FOREIGN_KEY_CHECKS=@@FOREIGN_KEY_CHECKS, FOREIGN_KEY_CHECKS=0 */;
/*!40101 SET @OLD_SQL_MODE=@@SQL_MODE, SQL_MODE='NO_AUTO_VALUE_ON_ZERO' */;
/*!40111 SET @OLD_SQL_NOTES=@@SQL_NOTES, SQL_NOTES=0 */;

--
-- Table structure for table `bin_user`
--

DROP TABLE IF EXISTS `bin_user`;
/*!40101 SET @saved_cs_client     = @@character_set_client */;
/*!40101 SET character_set_client = utf8mb4 */;
CREATE TABLE `bin_user` (
  `bin_id` int(11) NOT NULL,
  `user_id` int(11) NOT NULL,
  PRIMARY KEY (`bin_id`,`user_id`)
) ENGINE=InnoDB DEFAULT CHARSET=utf8mb4 COLLATE=utf8mb4_general_ci;
/*!40101 SET character_set_client = @saved_cs_client */;

--
-- Dumping data for table `bin_user`
--

LOCK TABLES `bin_user` WRITE;
/*!40000 ALTER TABLE `bin_user` DISABLE KEYS */;
INSERT INTO `bin_user` VALUES (1,1),(2,2),(4,2),(39,2),(40,1),(41,1),(42,1),(42,3),(43,3);
/*!40000 ALTER TABLE `bin_user` ENABLE KEYS */;
UNLOCK TABLES;

--
-- Table structure for table `bins`
--

DROP TABLE IF EXISTS `bins`;
/*!40101 SET @saved_cs_client     = @@character_set_client */;
/*!40101 SET character_set_client = utf8mb4 */;
CREATE TABLE `bins` (
  `bin_id` int(11) NOT NULL,
  `user_id` int(11) NOT NULL,
  `bin_name` varchar(20) NOT NULL,
  `bin_adress` varchar(100) NOT NULL,
  `adress_latitude` decimal(10,6) NOT NULL,
  `adress_longitude` decimal(10,6) NOT NULL,
  `bin_photo` varchar(100) NOT NULL,
  `bin_situation` varchar(20) DEFAULT NULL,
  `photo_time` timestamp NOT NULL DEFAULT current_timestamp(),
  `qrcode` varchar(500) DEFAULT NULL
) ENGINE=InnoDB DEFAULT CHARSET=utf8mb4 COLLATE=utf8mb4_general_ci;
/*!40101 SET character_set_client = @saved_cs_client */;

--
-- Dumping data for table `bins`
--

LOCK TABLES `bins` WRITE;
/*!40000 ALTER TABLE `bins` DISABLE KEYS */;
INSERT INTO `bins` VALUES (1,1,'大きいゴミ箱','北海道',12.000100,123.000010,'../imgs/gomi.png','ok','2024-10-17 06:27:48','https://pooi.com/index.php?id=00001'),(2,2,'大きいゴミ箱','北海道',12.000100,123.000010,'../imgs/gomi.png','full','2024-10-17 06:27:48','https://pooi.com/index.php?id=00002'),(39,1,'大きいゴミ箱','北海道',12.000100,123.000010,'../imgs/gomi.png','','2024-10-17 06:27:48','https://pooi.com/index.php?id=00039'),(40,1,'大きいゴミ箱','北海道',12.000100,123.000010,'../imgs/gomi.png','','2024-10-17 06:27:48','https://pooi.com/index.php?id=00040'),(41,1,'大きいゴミ箱','北海道',12.000100,123.000010,'../imgs/gomi.png','','2024-10-17 06:27:48','https://pooi.com/index.php?id=00041'),(3,3,'くぼたのゴミ箱','大阪',35.000000,128.000000,'../imgs/gomi.png','','2024-10-17 06:27:48','https://pooi.com/index.php?id=00042'),(5,3,'くぼたのゴミ箱','大阪',13.345000,123.445600,'../imgs/gomi.png','','2024-10-17 06:27:48','https://pooi.com/index.php?id=00043'),(6,2,'さくらいろのゴミ箱','山河内',12.000100,123.556432,'../imgs/gomi.png','','2024-10-19 05:14:41',NULL),(4,4,'グミ好きのゴミ箱','田代',12.000100,123.556432,'../imgs/gomi.png','','2024-10-19 05:20:56',NULL),(42,25,'第3演習室のゴミ箱','青木',27.366000,231.223948,'../imgs/gomi.png','full','2025-01-14 08:50:53',NULL);
/*!40000 ALTER TABLE `bins` ENABLE KEYS */;
UNLOCK TABLES;

--
-- Table structure for table `choice`
--

DROP TABLE IF EXISTS `choice`;
/*!40101 SET @saved_cs_client     = @@character_set_client */;
/*!40101 SET character_set_client = utf8mb4 */;
CREATE TABLE `choice` (
  `questionnaire_id` int(11) NOT NULL,
  `choice_id` int(11) NOT NULL,
  `choice_name` varchar(100) NOT NULL,
  PRIMARY KEY (`questionnaire_id`,`choice_id`)
) ENGINE=InnoDB DEFAULT CHARSET=utf8mb4 COLLATE=utf8mb4_general_ci;
/*!40101 SET character_set_client = @saved_cs_client */;

--
-- Dumping data for table `choice`
--

LOCK TABLES `choice` WRITE;
/*!40000 ALTER TABLE `choice` DISABLE KEYS */;
INSERT INTO `choice` VALUES (1,1,'長尾景虎'),(1,2,'弁丸'),(1,3,'武田晴信'),(7,1,'たけのこの里'),(7,2,'たけのこの里'),(10,1,'?'),(10,2,'?'),(11,1,'?'),(11,2,'?'),(12,1,'グレープ'),(12,2,'メロン'),(13,1,'グレープ'),(13,2,'メロン'),(14,1,'ラーメン'),(14,2,'寿司'),(14,3,'やきにく'),(15,1,'ラーメン'),(15,2,'寿司'),(15,3,'やきにく'),(16,1,'ラーメン'),(16,2,'寿司'),(16,3,'やきにく'),(17,1,'ラーメン'),(17,2,'寿司'),(17,3,'やきにく'),(18,1,'江'),(18,2,'己'),(19,1,'江'),(19,2,'己'),(20,1,'江'),(20,2,'己'),(21,1,'織田信長'),(21,2,'豊臣秀吉'),(21,3,'徳川家康'),(22,1,'サーモンピンク'),(22,2,'インディゴブルー'),(23,1,'モス野菜バーガー'),(23,2,'スパイシーモス'),(23,3,'月見フォカッチャ'),(24,1,'VSCode'),(24,2,'terapad'),(25,1,'アーモンド'),(25,2,'クルミ'),(26,1,'給料'),(26,2,'休暇'),(26,3,'仕事内容'),(27,1,'Android'),(27,2,'iPhone');
/*!40000 ALTER TABLE `choice` ENABLE KEYS */;
UNLOCK TABLES;

--
-- Table structure for table `login`
--

DROP TABLE IF EXISTS `login`;
/*!40101 SET @saved_cs_client     = @@character_set_client */;
/*!40101 SET character_set_client = utf8mb4 */;
CREATE TABLE `login` (
  `user_id` int(11) NOT NULL AUTO_INCREMENT,
  `password` varchar(100) NOT NULL,
  `mailadress` varchar(100) DEFAULT NULL,
  `flag` tinyint(4) NOT NULL,
  PRIMARY KEY (`user_id`,`flag`),
  UNIQUE KEY `mailadress` (`mailadress`)
) ENGINE=InnoDB AUTO_INCREMENT=26 DEFAULT CHARSET=utf8mb4 COLLATE=utf8mb4_general_ci;
/*!40101 SET character_set_client = @saved_cs_client */;

--
-- Dumping data for table `login`
--

LOCK TABLES `login` WRITE;
/*!40000 ALTER TABLE `login` DISABLE KEYS */;
INSERT INTO `login` VALUES (1,'$2y$10$M/X6u77E6P.shuHFqz117eN2oibrz6as8U.tp1T.jSNXIfGqWRRtG','24@gmail.com',0),(2,'$2y$10$rN1VgM3quXafoCi0K80UouBEtuYKjLbnbJ0zOxoeB3qDx.ArZKNLi','335@gmail.com',0),(3,'$2y$10$271XQBolr8PAzAz4Pc4VBe4yLs5FpwmVSRwlwtoIaVy5VD4GC3Q1W','325@gmail.com',1),(4,'$2y$10$46z1gRJOL953gq5Ft0qBMeuTHDKoV6sgLpuJQvZF8qbc492gRqUsm','5@gmail.com',0),(5,'$2y$10$CBqQod./61GNDDLdUFYWqO7YyadS/J0FeomSuSvsm61ka0tgXHcA2','1409jd@gmail.com',0),(6,'$2y$10$d8J6JqBkVjqbHUmVeRubj.Wz6t6vQDF/b/ZyOovbyHQOC5dmAYzUG','1227351@st.anan-nct.ac.jp',0),(7,'$2y$10$MdlQZQ/mcj5oPF4yCyZukuWAw1QgcwSe6PH5IMcuOfw3x3Weo/opW','122731@st.anan-nct.ac.jp',1),(8,'$2y$10$WSv85yud8U3claJWSNNCgOVTln70tt.1.HCC7uT/ANIR2hHVmydve','11@st.anan-nct.ac.jp',1),(9,'$2y$10$Khk9lAiVv3M7ca1mFc.mlub2YerarSuUmO3yqwlLreuiWu2AVWmoS','jiw9@gmail.com',1),(10,'$2y$10$R4gYnOfKUxhJoXQ144jRuuGYFuOu4plhodRPxrCXt8WQ4efW8h1Gq','YutoTakigawa@gmail.com',2),(11,'$2y$10$3.kg2IV5a6KkDoK8TusSXeZcvNzdTjll9eprcmqojt2mqIWSY4eXy','Takigawa@gmail.com',2),(12,'$2y$10$EkSfuQnW68awk4X7dpMfaOkQiWEtvv2FDLiL.hcWmz0p48kbzKpCK','Yuto@gmail.com',2),(13,'$2y$10$mgBtfca45vWGVHuW0QRHUOe633HRZRrEVOiItCDf4F1HX1QEqL3m.','fey@gmail.com',2),(14,'$2y$10$SLaMOGiVLa9/WjnNKycLP.JQXEjsuLFezfvRcxKwK3apZ0azae2y.','gap@gmail.com',1),(15,'$2y$10$yc2fzgY0QXrC0bNT91fquOR/qJjqv/L9tLaYFuMCT7CRvFE5bAx3K','gk@gmail.com',1),(16,'$2y$10$bqgBWlDSClWhKj3dYx.ntuS9Pg9x.WOjR5CyJacHL5J8KmS1YBFRW','kasumi@gmail.com',1),(17,'$2y$10$mSJrYh4NP2x7VRxNdkuEJu26S2ifl.F8xAX5r4QfSXFAhoWI.bZYq','kanae@gmail.com',1),(18,'$2y$10$xi2DfXt39sV5AbWFDTlWt.6EDwNufQdoosNXYlPbNVZrVEL0WclCm','asou@gmail.com',1),(19,'$2y$10$LtusVZ8.sXMP62EUifMna.kryp70nheuyHIRYh2Fz7Rsst1dqFQ36','a@gmail.com',1),(20,'$2y$10$fgc1kXTqbGcUYLIDSbZ8YOXVbBZni5ZU/5M1U5nMGP3TYHbjzAWDC','ab@gmail.com',1),(21,'$2y$10$mp.6/cS1yvgoML0hlWS8w.4u1BSEC6VJz.csSPF7DS9.j43MYtZtW',NULL,2),(22,'$2y$10$fo2oeAzQ1MMU95UTO8Qxv.WKVQwVuvp8dtrlsbLEFDzO46.esqHrC','l@gmail.com',1),(23,'$2y$10$/b5ZvViSn8d0RrNpj31nCOM1a65Msm.9cMQ38tK1nNlq0bze.c242','kasu@gmail.com',1),(24,'$2y$10$UBB8fnteQjUIzHlvyaiMpuKPqkUng4W9CciVDdN6wOwi1uc/H9zS6','anan@gmail.com',0),(25,'$2y$10$fmwgfYN5fpdhYsj6On6Nve/QtbFp6Q4rT.Rn/WZ.ilm4nzJxZQvbi','az@gmail.com',0);
/*!40000 ALTER TABLE `login` ENABLE KEYS */;
UNLOCK TABLES;

--
-- Table structure for table `questionnaire`
--

DROP TABLE IF EXISTS `questionnaire`;
/*!40101 SET @saved_cs_client     = @@character_set_client */;
/*!40101 SET character_set_client = utf8mb4 */;
CREATE TABLE `questionnaire` (
  `questionnaire_id` int(11) NOT NULL AUTO_INCREMENT,
  `questionnaire_title` varchar(100) NOT NULL,
  PRIMARY KEY (`questionnaire_id`)
) ENGINE=InnoDB AUTO_INCREMENT=28 DEFAULT CHARSET=utf8mb4 COLLATE=utf8mb4_general_ci;
/*!40101 SET character_set_client = @saved_cs_client */;

--
-- Dumping data for table `questionnaire`
--

LOCK TABLES `questionnaire` WRITE;
/*!40000 ALTER TABLE `questionnaire` DISABLE KEYS */;
INSERT INTO `questionnaire` VALUES (1,'好きな武将は？'),(2,'キノコタケノコ戦争'),(3,'キノコタケノコ戦争'),(4,'キノコタケノコ戦争'),(5,'あ'),(6,'あ'),(7,'あ'),(8,'ファンタは'),(9,'ファンタは'),(10,'ファンタは'),(11,'ファンタは'),(12,'ファンタは'),(13,'ファンタは'),(14,'すきなものは'),(15,'すきなものは'),(16,'すきなものは'),(17,'すきなものは'),(18,'好きな漢字'),(19,'好きな漢字'),(20,'好きな漢字'),(21,'好きな戦国武将は？'),(22,'今年の冬のトレンドカラーは？'),(23,'モスバーガーのハンバーガーは'),(24,'コーディングするなら'),(25,'弁当に入れるなら'),(26,'仕事をするうえで重視するのは'),(27,'普段お使いのスマートフォンは');
/*!40000 ALTER TABLE `questionnaire` ENABLE KEYS */;
UNLOCK TABLES;

--
-- Table structure for table `user_questionnaire`
--

DROP TABLE IF EXISTS `user_questionnaire`;
/*!40101 SET @saved_cs_client     = @@character_set_client */;
/*!40101 SET character_set_client = utf8mb4 */;
CREATE TABLE `user_questionnaire` (
  `user_id` int(11) NOT NULL,
  `questionnaire_id` int(11) NOT NULL,
  PRIMARY KEY (`questionnaire_id`,`user_id`) USING BTREE
) ENGINE=InnoDB DEFAULT CHARSET=utf8mb4 COLLATE=utf8mb4_general_ci;
/*!40101 SET character_set_client = @saved_cs_client */;

--
-- Dumping data for table `user_questionnaire`
--

LOCK TABLES `user_questionnaire` WRITE;
/*!40000 ALTER TABLE `user_questionnaire` DISABLE KEYS */;
INSERT INTO `user_questionnaire` VALUES (5,0),(6,0),(8,0),(9,0),(10,0),(7,3),(4,22),(3,23),(1,26),(2,27);
/*!40000 ALTER TABLE `user_questionnaire` ENABLE KEYS */;
UNLOCK TABLES;

--
-- Table structure for table `votes`
--

DROP TABLE IF EXISTS `votes`;
/*!40101 SET @saved_cs_client     = @@character_set_client */;
/*!40101 SET character_set_client = utf8mb4 */;
CREATE TABLE `votes` (
  `photo_id` int(11) NOT NULL AUTO_INCREMENT,
  `photo_url` varchar(100) DEFAULT NULL,
  `bin_situation` tinyint(4) DEFAULT NULL,
  `bin_id` int(11) NOT NULL,
  `questionnaire_id` int(11) NOT NULL,
  `vote_id` tinyint(4) NOT NULL,
  `vote_dis` tinyint(4) NOT NULL,
  `custom_consumer` tinyint(4) NOT NULL,
  `photo_time` timestamp NOT NULL DEFAULT current_timestamp(),
  PRIMARY KEY (`photo_id`,`bin_id`,`questionnaire_id`,`vote_id`,`vote_dis`,`custom_consumer`) USING BTREE
) ENGINE=InnoDB AUTO_INCREMENT=363 DEFAULT CHARSET=utf8mb4 COLLATE=utf8mb4_general_ci;
/*!40101 SET character_set_client = @saved_cs_client */;

--
-- Dumping data for table `votes`
--

LOCK TABLES `votes` WRITE;
/*!40000 ALTER TABLE `votes` DISABLE KEYS */;
INSERT INTO `votes` VALUES (1,NULL,1,2,1,1,1,1,'2024-10-10 04:30:56'),(2,'../imgs/tras.jpg',1,1,1,1,1,1,'2024-10-10 06:30:56'),(3,'ポカる.jpg',1,3,2,3,2,1,'2024-10-10 08:30:56'),(4,'gomi.jpg',1,2,1,3,4,1,'2024-10-10 11:30:56'),(5,'[value-2]',0,0,0,0,0,0,'2024-10-12 15:30:56'),(6,'../imgs/tras.jpg',1,1,1,2,3,2,'2024-10-12 17:30:56'),(7,'../imgs/tras.jpg',1,1,1,2,3,2,'2024-10-13 01:30:56'),(8,'../imgs/tras.jpg',1,1,1,2,2,2,'2024-10-13 03:30:56'),(9,'../imgs/tras.jpg',1,1,1,1,2,2,'2024-10-13 06:30:56'),(10,'../imgs/tras.jpg',1,1,1,1,2,1,'2024-10-14 06:30:56'),(11,'../imgs/tras.jpg',1,1,1,3,2,2,'2024-10-16 05:30:56'),(12,'../imgs/tras.jpg',1,1,1,3,2,1,'2024-10-16 11:30:56'),(13,'../imgs/tras.jpg',1,1,1,3,2,1,'2024-10-16 13:30:56'),(14,'../imgs/tras.jpg',1,1,1,2,2,2,'2024-10-16 15:30:56'),(15,'../imgs/tras.jpg',1,1,1,2,2,1,'2024-10-17 06:30:56'),(16,'../imgs/tras.jpg',1,1,1,2,4,2,'2024-10-17 07:30:56'),(17,'../imgs/tras.jpg',1,1,1,2,4,1,'2024-10-17 09:30:56'),(18,'../imgs/tras.jpg',1,1,1,2,4,1,'2024-10-17 10:30:56'),(19,'../imgs/tras.jpg',0,1,1,1,2,1,'2024-10-18 21:50:31'),(20,'../imgs/tras.jpg',NULL,1,1,2,1,1,'2024-10-18 22:05:26'),(21,'../imgs/tras.jpg',NULL,1,1,3,2,1,'2024-10-18 22:05:57'),(22,'../imgs/tras.jpg',0,1,1,3,2,1,'2024-10-18 22:07:32'),(23,'../imgs/tras.jpg',0,1,1,2,2,1,'2024-10-18 22:13:44'),(24,'../imgs/tras.jpg',0,1,1,1,2,1,'2024-10-18 22:17:01'),(25,'../imgs/tras.jpg',0,1,1,2,2,1,'2024-10-18 22:31:59'),(26,'../imgs/tras.jpg',0,1,1,3,2,1,'2024-10-19 01:08:07'),(27,'../imgs/tras.jpg',0,1,1,1,2,1,'2024-10-19 01:11:39'),(28,'../imgs/tras.jpg',0,1,1,2,1,1,'2024-10-19 01:46:05'),(29,'../imgs/tras.jpg',0,1,1,1,2,1,'2024-10-19 01:46:43'),(30,'../imgs/tras.jpg',0,1,1,2,2,1,'2024-10-19 01:47:45'),(31,'../imgs/tras.jpg',0,1,1,1,1,1,'2024-10-19 01:48:43'),(32,'../imgs/tras.jpg',0,1,1,1,2,1,'2024-10-19 01:50:08'),(33,'../imgs/tras.jpg',0,1,1,2,2,1,'2024-10-19 01:52:25'),(34,'../imgs/tras.jpg',0,1,1,1,2,1,'2024-10-19 02:07:58'),(35,'../imgs/tras.jpg',0,1,1,2,1,1,'2024-10-19 02:14:21'),(36,'../imgs/tras.jpg',0,1,1,2,2,1,'2024-10-19 02:15:15'),(37,'../imgs/tras.jpg',0,1,1,1,2,1,'2024-10-19 02:22:53'),(38,'../imgs/tras.jpg',0,1,1,2,2,1,'2024-10-19 02:24:03'),(39,'../imgs/tras.jpg',0,1,1,1,2,1,'2024-10-19 02:24:21'),(40,'../imgs/tras.jpg',0,1,1,1,2,1,'2024-10-19 02:27:36'),(41,'../imgs/tras.jpg',0,1,1,1,1,1,'2024-10-19 02:29:28'),(42,'../imgs/tras.jpg',0,1,1,1,2,1,'2024-10-19 02:34:46'),(43,'../imgs/tras.jpg',0,1,1,2,2,1,'2024-10-19 02:34:59'),(44,'../imgs/tras.jpg',0,1,1,2,1,1,'2024-10-19 02:43:09'),(45,'../imgs/tras.jpg',0,1,1,1,2,1,'2024-10-19 02:43:41'),(46,'../imgs/tras.jpg',0,1,1,1,2,1,'2024-10-19 02:45:52'),(47,'../imgs/tras.jpg',0,1,1,2,1,1,'2024-10-19 02:50:10'),(48,'../imgs/tras.jpg',0,1,1,2,2,1,'2024-10-19 02:51:00'),(49,NULL,0,1,1,3,2,1,'2024-10-19 03:02:37'),(50,NULL,0,1,1,2,2,1,'2024-10-19 03:18:08'),(51,NULL,0,1,21,1,1,1,'2024-10-19 03:27:35'),(52,NULL,0,1,21,1,2,1,'2024-10-19 03:28:16'),(53,NULL,0,1,21,1,1,1,'2024-10-19 03:42:49'),(54,NULL,0,1,21,1,2,1,'2024-10-19 03:43:30'),(55,NULL,0,1,21,1,1,1,'2024-10-19 04:04:33'),(56,NULL,0,1,21,1,1,1,'2024-10-19 04:05:27'),(57,NULL,0,1,21,1,2,1,'2024-10-19 04:08:41'),(58,NULL,0,1,21,2,1,1,'2024-10-19 04:22:03'),(59,NULL,0,1,21,3,2,1,'2024-10-19 04:22:40'),(60,NULL,0,1,21,1,1,1,'2024-10-19 04:27:52'),(61,NULL,0,1,21,2,2,1,'2024-10-19 04:32:36'),(62,NULL,0,1,21,3,1,1,'2024-10-19 04:51:03'),(63,NULL,0,1,21,3,2,1,'2024-10-19 04:51:40'),(64,NULL,0,1,21,1,1,1,'2024-10-19 04:52:31'),(65,NULL,0,1,21,1,2,1,'2024-10-19 04:53:19'),(66,NULL,0,1,21,1,2,1,'2024-10-19 04:53:25'),(67,NULL,0,1,21,3,2,1,'2024-10-19 04:53:39'),(68,NULL,0,1,21,1,1,1,'2024-10-19 04:57:29'),(69,NULL,0,1,21,3,1,1,'2024-10-19 05:03:25'),(70,NULL,0,1,21,3,2,1,'2024-10-19 05:05:09'),(71,NULL,0,2,25,1,1,1,'2024-10-19 05:13:55'),(72,NULL,0,2,25,2,2,1,'2024-10-19 05:14:34'),(73,NULL,0,1,21,3,1,1,'2024-10-19 05:22:17'),(74,NULL,0,1,21,3,2,1,'2024-10-19 05:22:56'),(75,NULL,0,1,21,1,1,1,'2024-10-19 05:43:45'),(76,NULL,0,1,21,2,1,1,'2024-10-19 05:43:52'),(77,NULL,0,1,21,3,2,1,'2024-10-19 05:44:28'),(78,NULL,0,4,22,1,1,1,'2024-10-19 05:47:45'),(79,NULL,0,4,22,1,1,1,'2024-10-19 05:49:03'),(80,NULL,0,4,22,1,1,1,'2024-10-19 05:49:10'),(81,NULL,0,4,22,1,1,1,'2024-10-19 05:49:17'),(82,NULL,0,1,21,3,1,1,'2024-10-19 05:52:25'),(83,NULL,0,1,21,2,2,1,'2024-10-19 05:53:08'),(84,NULL,0,4,22,1,1,1,'2024-10-19 05:59:21'),(85,NULL,0,1,21,1,1,1,'2024-10-19 06:02:27'),(86,NULL,0,1,21,2,2,1,'2024-10-19 06:03:00'),(87,'../imgs/tras.jpg',0,4,22,2,1,1,'2024-10-19 06:03:25'),(88,'../imgs/tras.jpg',0,4,22,1,1,1,'2024-10-19 06:03:49'),(89,NULL,0,4,22,2,1,1,'2024-10-19 06:04:09'),(90,NULL,0,3,25,1,1,1,'2024-10-19 06:04:24'),(91,NULL,0,3,25,2,1,1,'2024-10-19 06:04:32'),(92,NULL,0,1,21,2,1,1,'2024-10-19 06:08:17'),(93,NULL,0,1,21,3,2,1,'2024-10-19 06:09:00'),(94,NULL,0,43,23,1,1,1,'2024-10-19 06:12:02'),(95,NULL,0,43,23,1,1,1,'2024-10-19 06:12:11'),(96,NULL,0,1,21,2,1,1,'2024-10-19 06:14:05'),(97,NULL,0,1,21,3,2,1,'2024-10-19 06:14:50'),(98,NULL,0,1,21,2,1,1,'2024-10-19 06:15:57'),(99,NULL,0,1,21,2,2,1,'2024-10-19 06:16:36'),(100,'../imgs/tras.jpg',0,4,23,1,1,1,'2024-10-19 06:17:53'),(101,'../imgs/tras.jpg',0,4,23,2,1,1,'2024-10-19 06:18:05'),(102,'../imgs/tras.jpg',0,4,23,3,1,1,'2024-10-19 06:18:09'),(103,NULL,0,43,23,1,1,1,'2024-10-19 06:18:43'),(104,'../imgs/tras.jpg',0,43,23,3,1,1,'2024-10-19 06:20:37'),(105,'../imgs/tras.jpg',0,43,23,2,1,1,'2024-10-19 06:20:42'),(106,NULL,0,43,23,3,1,1,'2024-10-19 06:26:32'),(107,NULL,0,1,21,3,1,1,'2024-10-19 06:26:57'),(108,NULL,0,1,21,3,2,1,'2024-10-19 06:27:34'),(109,NULL,0,2,21,3,1,1,'2024-10-19 06:33:32'),(110,NULL,0,1,21,3,1,1,'2024-10-19 06:34:00'),(111,NULL,0,1,21,3,1,1,'2024-10-19 06:34:08'),(112,NULL,0,2,21,2,2,1,'2024-10-19 06:34:20'),(113,NULL,0,1,21,2,2,1,'2024-10-19 06:34:43'),(114,NULL,0,1,21,3,2,1,'2024-10-19 06:34:49'),(115,NULL,0,2,21,3,1,1,'2024-10-19 06:39:37'),(116,NULL,0,2,21,3,2,1,'2024-10-19 06:40:21'),(117,NULL,0,1,21,3,2,1,'2024-10-19 06:40:48'),(118,NULL,0,1,21,1,1,1,'2024-10-19 06:51:15'),(119,NULL,0,1,21,1,2,1,'2024-10-19 06:51:40'),(120,NULL,0,1,21,2,2,1,'2024-10-19 06:53:41'),(121,NULL,0,1,21,3,1,1,'2024-10-19 06:58:34'),(122,NULL,0,1,21,3,2,1,'2024-10-19 06:59:06'),(123,NULL,0,1,21,3,1,1,'2024-10-19 07:02:00'),(124,NULL,0,1,21,3,2,1,'2024-10-19 07:02:35'),(125,NULL,0,1,21,3,1,1,'2024-10-19 07:10:16'),(126,NULL,0,1,21,2,1,1,'2024-10-19 07:10:17'),(127,NULL,0,1,21,3,2,1,'2024-10-19 07:10:55'),(128,NULL,0,1,21,1,2,1,'2024-10-19 07:11:17'),(129,NULL,0,1,21,1,1,1,'2024-10-19 07:13:41'),(130,NULL,0,1,21,1,2,1,'2024-10-19 07:14:17'),(131,NULL,0,1,21,2,1,1,'2024-10-19 07:22:10'),(132,NULL,0,1,21,1,1,1,'2024-10-19 07:22:10'),(133,NULL,0,1,21,1,1,1,'2024-10-19 07:22:13'),(134,NULL,0,1,21,3,2,1,'2024-10-19 07:23:15'),(135,NULL,0,1,21,2,2,1,'2024-10-19 07:23:17'),(136,NULL,0,1,21,1,2,1,'2024-10-19 07:23:18'),(137,NULL,0,1,21,2,1,1,'2024-10-19 07:25:17'),(138,NULL,0,1,21,3,2,1,'2024-10-19 07:25:51'),(139,NULL,0,1,21,2,1,1,'2024-10-19 07:37:36'),(140,NULL,0,1,21,1,1,1,'2024-10-19 07:37:40'),(141,NULL,0,1,21,2,2,1,'2024-10-19 07:38:08'),(142,NULL,0,1,21,1,2,1,'2024-10-19 07:38:22'),(143,NULL,0,1,21,2,1,1,'2024-10-19 07:54:09'),(144,NULL,0,1,21,1,2,1,'2024-10-19 07:54:58'),(145,NULL,0,1,21,1,1,1,'2024-10-19 07:57:36'),(146,NULL,0,1,21,2,2,1,'2024-10-19 07:58:04'),(147,NULL,0,1,21,2,1,1,'2024-10-19 23:30:00'),(148,NULL,0,1,21,3,1,1,'2024-10-19 23:33:27'),(149,NULL,0,1,21,2,2,1,'2024-10-19 23:33:54'),(150,NULL,0,1,21,2,1,1,'2024-10-19 23:37:41'),(151,NULL,0,1,21,2,2,1,'2024-10-19 23:38:28'),(152,NULL,0,1,21,2,1,1,'2024-10-19 23:39:35'),(153,NULL,0,1,21,2,1,1,'2024-10-19 23:41:00'),(154,NULL,0,1,21,2,2,1,'2024-10-19 23:41:24'),(155,NULL,0,1,21,3,1,1,'2024-10-19 23:52:30'),(156,NULL,0,1,21,2,1,1,'2024-10-19 23:56:20'),(157,NULL,0,1,21,2,2,1,'2024-10-19 23:56:38'),(158,NULL,0,1,21,2,1,1,'2024-10-20 00:01:12'),(159,NULL,0,1,21,3,2,1,'2024-10-20 00:01:28'),(160,NULL,0,1,21,2,1,1,'2024-10-20 00:02:35'),(161,NULL,0,1,21,3,2,1,'2024-10-20 00:02:58'),(162,NULL,0,1,21,2,2,1,'2024-10-20 00:04:58'),(163,NULL,0,1,21,2,2,1,'2024-10-20 00:08:03'),(164,NULL,0,1,21,2,2,1,'2024-10-20 00:11:45'),(165,NULL,0,1,21,3,2,1,'2024-10-20 00:19:47'),(166,NULL,0,1,21,3,1,1,'2024-10-20 00:26:41'),(167,NULL,0,1,21,3,2,1,'2024-10-20 00:27:19'),(168,NULL,0,1,21,1,1,1,'2024-10-20 00:31:43'),(169,NULL,0,1,21,3,2,1,'2024-10-20 00:32:25'),(170,NULL,0,1,21,3,2,1,'2024-10-20 00:38:17'),(171,NULL,0,1,21,2,2,1,'2024-10-20 00:41:55'),(172,NULL,0,1,21,2,1,1,'2024-10-20 00:45:35'),(173,NULL,0,1,21,2,2,1,'2024-10-20 00:45:56'),(174,NULL,0,2,21,1,1,1,'2024-10-20 00:55:56'),(175,NULL,0,1,21,2,1,1,'2024-10-20 00:55:57'),(176,NULL,0,1,21,1,2,1,'2024-10-20 00:56:18'),(177,NULL,0,1,21,2,1,1,'2024-10-20 01:00:50'),(178,NULL,0,1,21,2,1,1,'2024-10-20 01:04:34'),(179,NULL,0,1,21,3,2,1,'2024-10-20 01:05:02'),(180,NULL,0,1,21,2,1,1,'2024-10-20 01:20:53'),(181,NULL,0,1,21,1,2,1,'2024-10-20 01:21:16'),(182,NULL,0,1,21,2,1,1,'2024-10-20 01:33:05'),(183,NULL,0,1,21,1,2,1,'2024-10-20 01:33:33'),(184,NULL,0,2,21,2,1,1,'2024-10-20 01:36:21'),(185,NULL,0,2,21,3,1,1,'2024-10-20 01:40:41'),(186,NULL,0,1,21,3,1,1,'2024-10-20 01:41:07'),(187,NULL,0,1,21,2,2,1,'2024-10-20 01:41:32'),(188,NULL,0,1,21,2,1,1,'2024-10-20 01:51:45'),(189,NULL,0,1,21,1,2,1,'2024-10-20 01:52:17'),(190,NULL,0,1,21,2,1,1,'2024-10-20 01:54:49'),(191,NULL,0,1,21,1,1,1,'2024-10-20 01:55:16'),(192,NULL,0,1,21,3,2,1,'2024-10-20 01:55:59'),(193,NULL,0,1,21,2,1,1,'2024-10-20 02:08:26'),(194,NULL,0,1,21,2,2,1,'2024-10-20 02:08:51'),(195,NULL,0,1,21,2,1,1,'2024-10-20 02:16:22'),(196,NULL,0,1,21,1,1,1,'2024-10-20 02:16:59'),(197,NULL,0,1,21,2,2,1,'2024-10-20 02:17:31'),(198,NULL,0,1,21,1,2,1,'2024-10-20 02:17:37'),(199,NULL,0,1,21,1,1,1,'2024-10-20 02:20:02'),(200,NULL,0,1,21,1,2,1,'2024-10-20 02:20:48'),(201,NULL,0,1,21,2,1,1,'2024-10-20 02:28:26'),(202,NULL,0,1,21,1,2,1,'2024-10-20 02:28:54'),(203,NULL,0,1,21,3,1,1,'2024-10-20 02:38:00'),(204,NULL,0,1,21,1,2,1,'2024-10-20 02:38:27'),(205,NULL,0,1,21,2,1,1,'2024-10-20 02:54:22'),(206,NULL,0,1,21,2,2,1,'2024-10-20 02:54:45'),(207,NULL,0,1,21,2,1,1,'2024-10-20 03:00:09'),(208,NULL,0,1,21,1,1,1,'2024-10-20 03:03:10'),(209,NULL,0,1,21,1,2,1,'2024-10-20 03:03:38'),(210,NULL,0,1,21,2,1,1,'2024-10-20 03:14:44'),(211,NULL,0,1,21,2,2,1,'2024-10-20 03:15:09'),(212,NULL,0,1,21,1,1,1,'2024-10-20 03:32:19'),(213,NULL,0,1,21,1,2,1,'2024-10-20 03:33:04'),(214,NULL,0,1,21,3,1,1,'2024-10-20 03:34:41'),(215,NULL,0,1,21,3,2,1,'2024-10-20 03:35:07'),(216,NULL,0,1,21,2,1,1,'2024-10-20 03:40:04'),(217,NULL,0,1,21,2,2,1,'2024-10-20 03:51:03'),(218,NULL,0,1,21,3,1,1,'2024-10-20 04:04:53'),(219,NULL,0,1,21,1,2,1,'2024-10-20 04:05:32'),(220,NULL,0,1,21,1,1,1,'2024-10-20 04:15:07'),(221,NULL,0,1,21,2,2,1,'2024-10-20 04:15:51'),(222,NULL,0,1,21,2,1,1,'2024-10-20 04:29:34'),(223,NULL,0,1,21,3,2,1,'2024-10-20 04:30:12'),(224,NULL,0,1,21,2,2,1,'2024-10-20 04:37:30'),(225,NULL,0,1,21,1,1,1,'2024-10-21 07:16:10'),(226,NULL,0,1,21,3,2,1,'2024-10-21 07:16:32'),(227,NULL,0,1,21,1,1,1,'2024-10-22 06:45:42'),(228,NULL,0,1,21,2,2,1,'2024-10-22 06:46:43'),(229,NULL,0,1,21,2,2,1,'2024-11-30 13:38:20'),(230,NULL,0,1,21,3,2,1,'2024-11-30 13:55:09'),(231,NULL,0,1,21,1,1,1,'2024-12-01 15:49:04'),(232,NULL,0,1,21,3,2,1,'2024-12-01 16:43:08'),(233,NULL,0,1,21,3,2,1,'2024-12-01 16:45:27'),(234,'noname',0,1,21,2,2,1,'2024-12-04 13:20:35'),(235,'1_20241204150558427.png',0,1,21,2,2,1,'2024-12-04 15:06:59'),(236,'1_20241204150926219.jpg',0,1,21,2,2,1,'2024-12-04 15:10:27'),(237,'noname',0,1,21,1,1,1,'2024-12-05 06:15:52'),(238,'1_20241205061749126.jpg',0,1,21,2,2,1,'2024-12-05 06:18:56'),(239,'1_20241205063951204.jpg',0,1,21,2,2,1,'2024-12-05 06:40:53'),(240,'1_20241205070025310.jpg',0,1,21,2,2,1,'2024-12-05 07:01:35'),(241,'noname',0,1,21,3,1,1,'2024-12-05 07:43:56'),(242,'noname',0,1,21,1,1,1,'2024-12-05 07:44:19'),(243,'1_20241205084348612.jpg',0,1,21,3,2,1,'2024-12-05 08:44:58'),(244,'1_20241205084548646.jpg',0,1,21,3,2,1,'2024-12-05 08:46:50'),(245,'1_20241205084600622.jpg',0,1,21,2,2,1,'2024-12-05 08:47:03'),(246,'noname',0,1,26,1,1,1,'2024-12-05 16:43:14'),(248,'noname',0,1,26,2,1,1,'2024-12-05 16:54:22'),(249,'noname',0,1,26,3,1,1,'2024-12-05 16:54:42'),(250,'noname',0,2,27,1,1,1,'2024-12-05 16:54:59'),(252,'noname',0,2,27,2,1,1,'2024-12-05 16:56:20'),(253,'noname',0,2,27,2,1,1,'2024-12-05 17:12:45'),(254,'noname',0,2,27,1,1,1,'2024-12-05 17:13:01'),(255,'noname',0,1,26,1,1,1,'2024-12-05 23:59:00'),(256,'2_20241206000749645.jpg',0,2,27,2,2,1,'2024-12-06 00:08:58'),(257,'noname',0,2,27,1,1,1,'2024-12-06 00:27:16'),(258,'noname',0,1,26,2,1,1,'2024-12-06 01:51:12'),(259,'noname',0,2,27,2,1,1,'2024-12-06 01:53:21'),(260,'2_20241206024125015.jpg',0,2,27,2,2,1,'2024-12-06 02:42:30'),(261,'1_20241206024357654.jpg',0,1,26,1,2,1,'2024-12-06 02:45:01'),(262,'2_20241206024434882.jpg',0,2,27,1,2,1,'2024-12-06 02:45:39'),(263,'noname',0,2,27,1,1,1,'2024-12-06 02:45:52'),(264,'noname',0,4,22,1,1,1,'2024-12-06 02:59:17'),(265,'noname',0,4,22,2,1,1,'2024-12-06 02:59:34'),(266,'noname',0,4,22,2,1,1,'2024-12-06 03:12:13'),(267,'noname',0,1,26,3,1,1,'2024-12-06 03:41:37'),(268,'noname',0,1,26,1,1,1,'2024-12-06 04:20:22'),(269,'noname',0,4,22,2,1,1,'2024-12-06 04:20:46'),(270,'noname',0,1,26,3,1,1,'2024-12-06 05:47:18'),(271,'1_20241206063229149.jpg',0,1,26,1,2,1,'2024-12-06 06:33:43'),(272,'1_20241206063831508.jpg',0,1,26,2,2,1,'2024-12-06 06:39:42'),(273,'noname',0,4,22,2,1,1,'2024-12-06 12:14:43'),(274,'noname',0,4,22,2,1,1,'2024-12-06 12:14:53'),(275,'noname',0,4,22,2,1,1,'2024-12-06 12:15:01'),(276,'noname',0,4,22,2,1,1,'2024-12-06 12:15:12'),(277,'noname',0,4,22,2,1,1,'2024-12-06 12:15:19'),(278,'noname',0,4,22,2,1,1,'2024-12-06 12:15:25'),(279,'noname',0,4,22,2,1,1,'2024-12-06 12:15:29'),(280,'noname',0,4,22,2,1,1,'2024-12-06 12:15:33'),(281,'noname',0,4,22,2,1,1,'2024-12-06 12:15:36'),(282,'noname',0,4,22,2,1,1,'2024-12-06 12:15:40'),(283,'noname',0,4,22,2,1,1,'2024-12-06 12:15:44'),(284,'noname',0,4,22,2,1,1,'2024-12-06 12:15:47'),(285,'noname',0,4,22,2,1,1,'2024-12-06 12:15:51'),(286,'noname',0,4,22,2,1,1,'2024-12-06 12:15:56'),(287,'noname',0,4,22,2,1,1,'2024-12-06 12:16:05'),(288,'noname',0,4,22,2,1,1,'2024-12-06 12:16:08'),(289,'noname',0,4,22,2,1,1,'2024-12-06 12:16:11'),(290,'noname',0,4,22,2,1,1,'2024-12-06 12:16:18'),(291,'noname',0,4,22,2,1,1,'2024-12-06 12:16:22'),(292,'noname',0,4,22,2,1,1,'2024-12-06 12:16:28'),(293,'noname',0,4,22,2,1,1,'2024-12-06 12:16:31'),(294,'noname',0,4,22,2,1,1,'2024-12-06 12:16:35'),(295,'noname',0,4,22,2,1,1,'2024-12-06 12:16:41'),(296,'noname',0,4,22,2,1,1,'2024-12-06 12:16:45'),(297,'noname',0,4,22,2,1,1,'2024-12-06 12:16:48'),(298,'noname',0,4,22,2,1,1,'2024-12-06 12:16:52'),(299,'noname',0,4,22,2,1,1,'2024-12-06 12:16:57'),(300,'noname',0,4,22,2,1,1,'2024-12-06 12:17:03'),(301,'noname',0,4,22,2,1,1,'2024-12-06 12:17:09'),(302,'noname',0,4,22,2,1,1,'2024-12-06 12:17:13'),(303,'noname',0,4,22,2,1,1,'2024-12-06 12:17:21'),(304,'noname',0,4,22,2,1,1,'2024-12-06 12:17:24'),(305,'noname',0,4,22,2,1,1,'2024-12-06 12:17:30'),(306,'noname',0,4,22,2,1,1,'2024-12-06 12:17:42'),(307,'noname',0,4,22,2,1,1,'2024-12-06 12:17:46'),(308,'noname',0,4,22,2,1,1,'2024-12-06 12:17:56'),(309,'noname',0,4,27,1,1,1,'2024-12-06 13:59:38'),(310,'noname',0,4,27,2,1,1,'2024-12-06 14:01:07'),(311,'noname',0,39,27,1,1,1,'2024-12-06 23:47:29'),(312,'noname',0,39,27,2,1,1,'2024-12-06 23:48:04'),(313,'noname',0,39,27,2,1,1,'2024-12-06 23:58:28'),(314,'noname',0,39,27,1,1,1,'2024-12-06 23:58:58'),(315,'noname',0,39,27,2,1,1,'2024-12-06 23:59:15'),(316,'noname',0,39,27,1,1,1,'2024-12-06 23:59:25'),(317,'noname',0,39,27,2,1,1,'2024-12-06 23:59:40'),(318,'noname',0,39,27,1,1,1,'2024-12-06 23:59:49'),(319,'noname',0,39,27,1,1,1,'2024-12-07 00:00:04'),(320,'noname',0,39,27,2,1,1,'2024-12-07 00:00:14'),(321,'noname',0,39,27,1,1,1,'2024-12-07 00:00:34'),(323,'noname',0,39,27,2,1,1,'2024-12-07 00:05:37'),(324,'noname',0,39,27,2,1,1,'2024-12-07 00:05:50'),(325,'noname',0,39,27,1,1,1,'2024-12-07 00:06:00'),(326,'noname',0,39,27,2,1,1,'2024-12-07 00:06:09'),(327,'noname',0,39,27,1,1,1,'2024-12-07 00:06:19'),(328,'noname',0,39,27,2,1,1,'2024-12-07 00:06:30'),(329,'noname',0,39,27,1,1,1,'2024-12-07 00:06:38'),(331,'noname',0,39,27,2,1,1,'2024-12-07 00:08:05'),(333,'noname',0,39,27,2,1,1,'2024-12-07 00:12:03'),(334,'noname',0,39,27,2,1,1,'2024-12-07 00:12:39'),(335,'noname',0,39,27,2,1,1,'2024-12-07 00:12:46'),(336,'noname',0,39,27,2,1,1,'2024-12-07 00:12:53'),(337,'noname',0,39,27,3,1,1,'2024-12-07 00:13:01'),(338,'noname',0,1,26,3,1,1,'2024-12-07 01:10:16'),(339,'1_20241207010955598.jpg',0,1,26,1,2,1,'2024-12-07 01:11:05'),(340,'1_20241207020343365.jpg',0,1,26,2,2,1,'2024-12-07 02:04:56'),(341,'1_20241207024523702.jpg',0,1,26,1,2,1,'2024-12-07 02:46:31'),(342,'1_20250107083758656.jpg',0,1,26,3,2,1,'2025-01-07 08:39:25'),(343,'1_20250107083900654.png',0,1,26,2,2,1,'2025-01-07 08:40:26'),(344,'1_20250109080338919.jpg',0,1,26,2,2,1,'2025-01-09 08:05:20'),(345,'1_20250109081300313.jpg',0,1,26,2,2,1,'2025-01-09 08:14:28'),(346,'1_20250109081515924.jpg',0,1,26,2,2,1,'2025-01-09 08:16:44'),(347,'1_20250109082054043.jpg',0,1,26,2,2,1,'2025-01-09 08:22:50'),(348,'1_20250109082659535.jpg',0,1,26,1,2,1,'2025-01-09 08:28:25'),(349,'1_20250109083737459.jpg',0,1,26,2,2,1,'2025-01-09 08:39:04'),(350,'1_20250109084643375.jpg',0,1,26,2,2,1,'2025-01-09 08:48:07'),(351,'1_20250109084932420.png',0,1,26,2,2,1,'2025-01-09 08:50:56'),(352,'1_20250114075035333.jpg',0,1,26,3,2,1,'2025-01-14 07:52:04'),(353,'noname',0,42,26,1,1,1,'2025-01-14 09:01:10'),(354,'noname',0,42,26,2,1,1,'2025-01-14 09:01:21'),(355,'42_20250114090154078.jpg',0,42,26,2,2,1,'2025-01-14 09:03:30'),(356,'42_20250114090205052.jpg',0,42,26,2,2,1,'2025-01-14 09:03:41'),(357,'42_20250114090211466.jpg',0,42,26,1,2,1,'2025-01-14 09:03:44'),(358,'42_20250114090233928.jpg',0,42,26,1,2,1,'2025-01-14 09:04:18'),(359,'42_20250114090314317.jpg',0,42,26,2,2,1,'2025-01-14 09:04:46'),(360,'42_20250115062245751.jpg',0,42,26,2,2,1,'2025-01-15 06:24:16'),(361,'noname',0,1,26,2,1,1,'2025-04-04 08:48:43'),(362,'1_20250404084747213.jpeg',0,1,26,3,2,1,'2025-04-04 08:50:08');
/*!40000 ALTER TABLE `votes` ENABLE KEYS */;
UNLOCK TABLES;
/*!40103 SET TIME_ZONE=@OLD_TIME_ZONE */;

/*!40101 SET SQL_MODE=@OLD_SQL_MODE */;
/*!40014 SET FOREIGN_KEY_CHECKS=@OLD_FOREIGN_KEY_CHECKS */;
/*!40014 SET UNIQUE_CHECKS=@OLD_UNIQUE_CHECKS */;
/*!40101 SET CHARACTER_SET_CLIENT=@OLD_CHARACTER_SET_CLIENT */;
/*!40101 SET CHARACTER_SET_RESULTS=@OLD_CHARACTER_SET_RESULTS */;
/*!40101 SET COLLATION_CONNECTION=@OLD_COLLATION_CONNECTION */;
/*!40111 SET SQL_NOTES=@OLD_SQL_NOTES */;

-- Dump completed on 2025-10-29  0:46:31
